숙소,높은 평점 요약,낮은 평점 요약,flag,username,timestamp
판교,,,,,2025-10-04 00:39:11.734989
인사동,"1. 오랜만에 방문한 숙소는 여전히 훌륭한 컨디션과 뛰어난 서비스로 믿음이 간다.
2. 두 번째 방문인데 수영장이 좋아서 또 이용했고, 주변 몰에 먹거리가 풍부하고 가까워서 편리했다.
3. 전반적으로 좋았는데, 성인풀이 따로 있어서 수영하기 좋았고, 객실도 깔끔하고 편안한 휴식을 취할 수 있었다.
4. 시설이 깨끗하고 1층에 스벅과 식당, 편의점이 있어 편리했다.
5. 평일 데이유즈로 방문했는데 조용하고 수영장이 좋았다.
6. 분당서울대병원 검진으로 묵었는데 깨끗하고 좋았다.
7. 수영장 추가비용을 내고 두 번째 방문했는데 아이가 너무 좋아했다.
8. 방이 깔끔하고 시설이 편리했고, 프론트 직원들도 친절했다.
9. 넓고 깨끗한 호텔이었고, 주변 시설이 풍부해서 즐거운 시간을 보냈다.
10. 조용하고 깨끗하며 수영도 잘 할 수 있어서 호캉스를 즐겼다.
11. 가성비가 좋고 수영장이 다양한 옵션으로 이용하기 편리했다.
12. 룸 관리가 잘 되어 있어서 편안하게 쉬었고, 수영장은 예약제로 쾌적하게 이용할 수 있었다.
13. 주변에 맛집이 많아서 편하게 이용했고, 침구와 화장실이 깨끗했다.
14. 직원들이 친절하게 응대해줘서 만족도가 높았다.
15. 수영장과 공기가 좋고 주변 맛집이 풍부해서 좋았다.
16. 호텔 내부가 깨끗하고 넓었고, 최고의 휴식을 즐겼다.
17. 수영장이 좋고 방도 깨끗해서 재방문 의사가 있다.
18. 위치가 좋고 가성비가 좋았다.
19. 침구와 화장실이 깨끗하고 편안하게 이용할 수 있었다.
20. 직원들이 친절하고 방도 좋았다.

요약:
이 숙소는 깨끗하고 편안한 휴식처로 인정받고 있으며, 수영장과 주변 편의시설이 만족스럽다는 평가를 받고 있습니다. 또한, 직원들의 친절한 서비스와 잘 관리된 객실 상태가 높은 만족도를 이끌어내고 있습니다. 다양한 먹거리와 쇼핑 시설이 인접해 있어 편리함을 더하며, 재방문 의사를 표하는 이용객들이 많다는 점에서도 그 인기를 확인할 수 있습니다. 방문객들은 특히 수영장의 청결과 적절한 수심, 그리고 편안한 침구에서 특별한 만족감을 느끼고 있습니다.","1. 오랜만에 방문한 숙소는 여전히 훌륭한 컨디션과 뛰어난 서비스로 믿음이 간다.
2. 두 번째 방문인데 수영장이 좋아서 또 이용했고, 주변 몰에 먹거리가 풍부하고 가까워서 편리했다.
3. 전반적으로 좋았는데, 성인풀이 따로 되어 수영하기 좋았고, 객실 내 침구와 가운, 슬리퍼가 넉넉해서 편안한 휴식을 즐겼다.
4. 시설이 깨끗하고 1층에 스벅과 식당, 편의점이 있어 편리했다.
5. 평일 데이유즈로 방문했는데 조용하고 수영장이 좋았다.
6. 분당서울대병원 검진으로 묵었는데 깨끗하고 좋았다.
7. 수영장 추가비용을 내고 두 번째 방문했는데 아이가 너무 좋아했다.
8. 방이 깔끔하고 시설이 편리해서 편안하게 보낼 수 있었고, 프론트 직원들도 친절했다.
9. 넓고 깨끗한 호텔이었고, 주변 시설이 풍부해서 즐거운 시간을 보냈다.
10. 룸 컨디션이 좋고 먼지가 없어 만족스러웠다.
11. 조용하고 깨끗하며 와인잔이 없어서 요청하니 즉시 갖다주었다.
12. 와인잔에 립스틱이 묻어있는 것을 제외하고는 만족스러웠다.
13. 친절한 응대로 만족도가 높았다.
14. 수영장과 주변 시설이 좋아서 좋았다.
15. 호텔 내부가 깨끗하고 완벽했고, 수영장과 방이 깨끗했다.
16. 접근성이 좋고 호캉스로 좋은 가성비를 제공했다.
17. 룸 관리가 잘 되어 있어 편안하게 쉬었고, 수영장이 쾌적하게 이용 가능했다.
18. 주변에 맛집이 많아서 편하게 이용했다.
19. 침구와 화장실이 깨끗하고 편안하게 이용할 수 있었으며, 직원들의 친절한 서비스가 좋았다.
20. 위치가 좋고 쇼핑하기도 좋았으며, 시간대가 적합해서 다시 방문하고 싶다.
21. 가성비가 좋고, 체크인 시 출입키 사용에 주의가 필요하다.
22. 고민 없이 선택할 만한 숙소이며, 후회 없는 선택이었다.
23. 가격대비 훌륭하여 재방문할 예정이다.
24. 급하게 예약한 생일 파티가 즐거웠다.
25. 비즈니스 출장에 쾌적한 환경을 제공했다.
26. 방음이 부족하지만 수영장과 주변 시설이 좋았다.
27. 호캉스를 즐기기에 좋은 곳으로 평가받았다.
28. 수영장이 좋고, 주차가 편리하며 호캉스하기 좋았다.
29. 자주 이용하는 숙소로 편안하게 쉬었다.
30. 직원 친절, 객실 청결, 파미어스몰 접근성 등이 좋았다.
31. 수영장 이용시간이 제한적이었지만, 숙소 전체적으로 좋았다.
32. 교통이 편리하고 시설이 깨끗하며 직원들이 친절했다.
33. 친절한 직원과 편리한 시설로 만족스러운 숙박이었다.",,,2025-10-08 02:58:31.437863
